"_id";"category_id";"pinyin";"english";"voice";"favorite";"status";"vietnamese";"vnRaw"
1;1;"";"Hello";"greeting_1";1;1;"Xin chào";"xin chao"
2;1;"";"How are you?";"greeting_2";0;1;"Bạn có khỏe không";"ban co khoe khong"
3;1;"";"I'm fine, thanks";"greeting_3";0;1;"Cảm ơn, tôi khỏe";"cam on, toi khoe"
4;1;"";"I'm not well, thanks";"greeting_4";0;1;"Cảm ơn, tôi không khỏe";"cam on, toi khong khoe"
5;1;"";"How about you?";"greeting_10";0;1;"Thế còn bạn?";"the con ban?"
6;1;"";"What's your name?";"greeting_5";0;1;"Tên bạn là gì";"ten ban la gi"
7;1;"";"My name is ...";"greeting_6";0;1;"Tên tôi là …";"ten toi la …"
8;1;"";"Nice to meet you";"greeting_9";0;1;"Rất vui được gặp bạn";"rat vui duoc gap ban"
9;1;"";"Goodbye";"greeting_8";0;1;"Tạm biệt";"tam biet"
10;1;"";"See you later";"greeting_7";0;1;"Hẹn gặp lại";"hen gap lai"
11;1;"";"Good luck";"greeting_11";0;1;"Chúc may mắn";"chuc may man"
12;1;"";"Take care";"greeting_12";0;1;"Bảo trọng";"bao trong"
13;1;"";"It's been a while";"greeting_13";0;1;"Được một lúc rồi đấy";"duoc mot luc roi day"
14;1;"";"How old are you?";"greeting_18";0;1;"Bạn bao nhiêu tuổi?";"ban bao nhieu tuoi?"
15;1;"";"I'm (30) years old";"greeting_19";0;1;"Tôi (Ba mươi) tuổi";"toi (ba muoi) tuoi"
16;2;"";"Yes";"general_1";0;1;"Có";"co"
17;2;"";"No";"general_2";0;1;"Không";"khong"
18;2;"";"Thank you";"general_6";0;1;"Cảm ơn";"cam on"
19;2;"";"You're welcome";"general_18";0;1;"Không có gì";"khong co gi"
20;2;"";"Please...";"general_7";0;1;"Làm ơn…";"lam on…"
21;2;"";"Do you understand?";"general_3";0;1;"Bạn có hiểu không";"ban co hieu khong"
22;2;"";"I don't understand";"general_4";0;1;"Tôi không hiểu";"toi khong hieu"
23;2;"";"I understand";"general_5";0;1;"Tôi hiểu";"toi hieu"
24;2;"";"I don't know";"general_15";0;1;"Tôi không biết";"toi khong biet"
25;2;"";"I like it";"general_17";0;1;"Tôi thích nó";"toi thich no"
26;2;"";"I don't like it";"general_16";0;1;"Tôi không thích nó";"toi khong thich no"
27;2;"";"I understand that...";"general_19";0;1;"Tôi hiểu là…";"toi hieu la…"
28;2;"";"I think that...";"general_20";0;1;"Tôi nghĩ là …";"toi nghi la …"
29;2;"";"I would like / I want..";"general_21";0;1;"Tôi muốn …";"toi muon …"
30;2;"";"No, thank you";"general_11";0;1;"Không, cảm ơn";"khong, cam on"
31;2;"";"I'm sorry (Apologize)";"general_8";0;1;"Tôi xin lỗi";"toi xin loi"
32;2;"";"I'm sorry (Sympathy)";"general_13";0;1;"Tôi lấy làm tiếc";"toi lay lam tiec"
33;2;"";"Could you help me?";"general_100";0;1;"Bạn có thể giúp tôi được không?";"ban co the giup toi duoc khong?"
34;2;"";"Please say that again";"general_9";0;1;"Làm ơn nói lại lần nữa";"lam on noi lai lan nua"
35;2;"";"Can you speak slowly?";"general_10";0;1;"Bạn có thể nói chậm hơn không?";"ban co the noi cham hon khong?"
36;2;"";"What does this mean?";"general_25";0;1;"Nó nghĩa là gì?";"no nghia la gi?"
37;2;"";"How do you pronounce this?";"general_26";0;1;"Bạn đánh vần nó như thế nào";"ban danh van no nhu the nao"
38;2;"";"That's right";"general_29";0;1;"Đúng rồi";"dung roi"
39;2;"";"No, that's wrong";"general_28";0;1;"Không, vậy là sai rồi";"khong, vay la sai roi"
40;2;"";"It's alright (I'm ok)";"general_14";0;1;"Không sao đâu (Tôi ổn)";"khong sao dau (toi on)"
41;2;"";"I like..";"general_22";0;1;"Tôi thích …";"toi thich …"
42;2;"";"Excuse me";"general_48";0;1;"Xin lỗi";"xin loi"
43;2;"";"What's this?";"general_45";0;1;"Đây là cái gì?";"day la cai gi?"
44;2;"";"Congratulations!";"general_12";0;1;"Xin chúc mừng";"xin chuc mung"
45;2;"";"Just kidding!";"general_63";0;1;"Chỉ đùa thôi!";"chi dua thoi!"
46;2;"";"No problem";"general_30";0;1;"Không có gì";"khong co gi"
47;2;"";"Help!";"general_31";0;1;"Cứu!";"cuu!"
48;2;"";"Are you sure?";"general_24";0;1;"Bạn có chắc không";"ban co chac khong"
49;2;"";"Don't forget...";"general_47";0;1;"Đừng quên";"dung quen"
50;2;"";"Take care of yourself";"general_49";0;1;"Giữ gìn sức khỏe";"giu gin suc khoe"
51;2;"";"Before";"general_50";0;1;"Trước khi";"truoc khi"
52;2;"";"After";"general_52";0;1;"Sau khi";"sau khi"
53;2;"";"Until ";"general_54";0;1;"cho đến..";"cho den.."
54;2;"";"I love it here";"general_59";0;1;"Tôi yêu nơi này";"toi yeu noi nay"
55;2;"";"I'm here on holiday";"general_60";0;1;"Tôi ở đây trong ngày nghỉ";"toi o day trong ngay nghi"
56;2;"";"on business";"general_61";0;1;"trong công tác";"trong cong tac"
57;2;"";"to study";"general_62";0;1;"học";"hoc"
58;2;"";"What?";"general_33";0;1;"Cái gì?";"cai gi?"
59;2;"";"Where?";"general_39";0;1;"Ở đâu?";"o dau?"
60;2;"";"Who?";"general_32";0;1;"Ai?";"ai?"
61;2;"";"When?";"general_40";0;1;"Khi nào?";"khi nao?"
62;2;"";"Why?";"general_36";0;1;"Tại sao?";"tai sao?"
63;2;"";"Why not?";"general_37";0;1;"Tại sao không?";"tai sao khong?"
64;2;"";"Which?";"general_38";0;1;"Cái nào?";"cai nao?"
65;2;"";"How many?";"general_34";0;1;"Bao nhiêu?";"bao nhieu?"
66;2;"";"How much?";"general_35";0;1;"Bao nhiêu tiền";"bao nhieu tien"
67;2;"";"When is your Birthday?";"general_41";0;1;"Bạn sinh ngày nào?";"ban sinh ngay nao?"
68;2;"";"What are you doing now?";"general_42";0;1;"Bạn đang làm gì?";"ban dang lam gi?"
69;2;"";"Where are you going?";"general_43";0;1;"Bạn đang đi đâu?";"ban dang di dau?"
70;2;"";"I'm going to..";"general_44";0;1;"Tôi đang đi..";"toi dang di.."
71;2;"";"Do you live here?";"general_57";0;1;"Bạn sống ở đây à?";"ban song o day a?"
72;2;"";"Do you like it here?";"general_58";0;1;"Bạn thích ở đây không?";"ban thich o day khong?"
73;3;"";"Zero";"numbers_1";0;1;"Không";"khong"
74;3;"";"One";"numbers_2";0;1;"Một";"mot"
75;3;"";"Two";"numbers_3";0;1;"Hai";"hai"
76;3;"";"Three";"numbers_4";0;1;"Ba";"ba"
77;3;"";"Four";"numbers_5";0;1;"Bốn";"bon"
78;3;"";"Five";"numbers_6";0;1;"Năm";"nam"
79;3;"";"Six";"numbers_7";0;1;"Sáu";"sau"
80;3;"";"Seven";"numbers_8";0;1;"Bảy";"bay"
81;3;"";"Eight";"numbers_9";0;1;"Tám";"tam"
82;3;"";"Nine";"numbers_10";0;1;"Chín";"chin"
83;3;"";"Ten";"numbers_11";0;1;"Mười";"muoi"
84;3;"";"Eleven";"numbers_12";0;1;"Mười một";"muoi mot"
85;3;"";"Twelve";"numbers_13";0;1;"Mười hai";"muoi hai"
86;3;"";"Thirteen";"numbers_14";0;1;"Mười ba";"muoi ba"
87;3;"";"Fourteen";"numbers_15";0;1;"Mười bốn";"muoi bon"
88;3;"";"Fifteen";"numbers_16";0;1;"Mười năm";"muoi nam"
89;3;"";"Sixteen";"numbers_17";0;1;"Mười sáu";"muoi sau"
90;3;"";"Seventeen";"numbers_18";0;1;"Mười bảy";"muoi bay"
91;3;"";"Eighteen";"numbers_19";0;1;"Mười tám";"muoi tam"
92;3;"";"Nineteen";"numbers_20";0;1;"Mười chín";"muoi chin"
93;3;"";"Twenty";"numbers_21";0;1;"Hai mươi";"hai muoi"
94;3;"";"Twenty one";"numbers_22";0;1;"Hai mốt";"hai mot"
95;3;"";"Twenty two";"numbers_23";0;1;"Hai hai";"hai hai"
96;3;"";"Twenty three";"numbers_24";0;1;"Hai ba";"hai ba"
97;3;"";"Twenty four";"numbers_25";0;1;"Hai bốn";"hai bon"
98;3;"";"Twenty five";"numbers_26";0;1;"Hai năm";"hai nam"
99;3;"";"Twenty six";"numbers_27";0;1;"Hai sáu";"hai sau"
100;3;"";"Twenty seven";"numbers_28";0;1;"Hai bảy";"hai bay"
101;3;"";"Twenty eight";"numbers_29";0;1;"Hai tám";"hai tam"
102;3;"";"Twenty nine";"numbers_30";0;1;"Hai chín";"hai chin"
103;3;"";"Thirty";"numbers_31";0;1;"Ba mươi";"ba muoi"
104;3;"";"Fourty";"numbers_32";0;1;"Bốn mươi";"bon muoi"
105;3;"";"Fifty";"numbers_33";0;1;"Năm mươi";"nam muoi"
106;3;"";"Sixty";"numbers_34";0;1;"Sáu mươi";"sau muoi"
107;3;"";"Seventy";"numbers_35";0;1;"Bảy mươi";"bay muoi"
108;3;"";"Eighty";"numbers_36";0;1;"Tám mươi";"tam muoi"
109;3;"";"Ninety";"numbers_37";0;1;"Chín mươi";"chin muoi"
110;3;"";"One hundred";"numbers_38";0;1;"Một trăm";"mot tram"
111;3;"";"One thousand";"numbers_39";0;1;"Một ngàn";"mot ngan"
112;3;"";"Ten thousand";"numbers_40";0;1;"Mười ngàn";"muoi ngan"
113;3;"";"Hundred thousand";"numbers_41";0;1;"Một trăm ngàn";"mot tram ngan"
114;3;"";"One million";"numbers_42";0;1;"Một triệu";"mot trieu"
115;3;"";"First";"numbers_43";0;1;"Thứ nhất";"thu nhat"
116;3;"";"Second";"numbers_44";0;1;"Thứ hai";"thu hai"
117;3;"";"Third";"numbers_45";0;1;"Thứ ba";"thu ba"
118;3;"";"Fourth";"numbers_46";0;1;"Thứ tư";"thu tu"
119;3;"";"Fifth";"numbers_47";0;1;"Thứ năm";"thu nam"
120;3;"";"Sixth";"numbers_48";0;1;"Thứ sáu";"thu sau"
121;3;"";"Seventh";"numbers_49";0;1;"Thứ bảy";"thu bay"
122;3;"";"Eighth";"numbers_50";0;1;"Thứ tám";"thu tam"
123;3;"";"Ninth";"numbers_51";0;1;"Thứ chín";"thu chin"
124;3;"";"Tenth";"numbers_52";0;1;"Thứ mười";"thu muoi"
125;3;"";"Dark colour";"colour_1";0;1;"Màu tối";"mau toi"
126;3;"";"Light colour";"colour_2";0;1;"Màu sáng";"mau sang"
127;3;"";"Black";"colour_3";0;1;"Đen";"den"
128;3;"";"Brown";"colour_4";0;1;"Nâu";"nau"
129;3;"";"Grey";"colour_5";0;1;"Xám";"xam"
130;3;"";"Red";"colour_6";0;1;"Đỏ";"do"
131;3;"";"Green";"colour_7";0;1;"Xanh";"xanh"
132;3;"";"Yellow";"colour_8";0;1;"Vàng";"vang"
133;3;"";"Blue";"colour_9";0;1;"Xanh da trời";"xanh da troi"
134;3;"";"Pink";"colour_10";0;1;"Hồng";"hong"
135;3;"";"Purple";"colour_11";0;1;"Tím";"tim"
136;3;"";"White";"colour_12";0;1;"Trắng";"trang"
137;3;"";"Orange";"colour_13";0;1;"Cam";"cam"
138;3;"";"Dark blue";"colour_14";0;1;"Xanh đậm";"xanh dam"
139;3;"";"Gold";"colour_15";0;1;"Vàng";"vang"
140;3;"";"Silver";"colour_16";0;1;"Bạc";"bac"
141;4;"";"What time is it?";"time_1";0;2;"Mấy giờ rồi?";"may gio roi?"
142;4;"";"It's 10 o'clock";"time_2";0;2;"Mười giờ rồi";"muoi gio roi"
143;4;"";"It's half past 10";"time_3";0;2;"Mười rưỡi";"muoi ruoi"
144;4;"";"Quarter past 10";"time_4";0;2;"Mười giờ bốn năm";"muoi gio bon nam"
145;4;"";"Quarter to 10";"time_5";0;2;"Mười giờ kém mười năm";"muoi gio kem muoi nam"
146;4;"";"1 hour";"time_8";0;2;"một tiếng";"mot tieng"
147;4;"";"half an hour";"time_9";0;2;"nửa tiếng";"nua tieng"
148;4;"";"5 minutes";"time_10";0;2;"năm phút";"nam phut"
149;4;"";"2 seconds";"time_11";0;2;"hai giây";"hai giay"
150;4;"";"At what time does it start?";"time_12";0;2;"Mấy giờ thì nó bắt đầu";"may gio thi no bat dau"
151;4;"";"It starts at 9 am";"time_13";0;2;"Nó bắt đầu lúc chín giờ sáng";"no bat dau luc chin gio sang"
152;4;"";"How many hours will it take?";"time_14";0;2;"Nó sẽ phải mất mấy tiếng vậy?";"no se phai mat may tieng vay?"
153;4;"";"How many days will it take?";"time_15";0;2;"Nó sẽ phải mất mấy ngày vây?";"no se phai mat may ngay vay?"
154;4;"";"Today";"time_18";0;2;"Hôm nay";"hom nay"
155;4;"";"Yesterday";"time_19";0;2;"Hôm qua";"hom qua"
156;4;"";"Tomorrow";"time_20";0;2;"Ngày mai";"ngay mai"
157;4;"";"The day after tomorrow";"time_21";0;2;"Ngày mốt (Ngày kia)";"ngay mot (ngay kia)"
158;4;"";"Morning";"time_23";0;2;"Buổi sáng";"buoi sang"
159;4;"";"Midnight";"time_16";0;2;"Nửa đêm";"nua dem"
160;4;"";"Noon";"time_17";0;2;"Buổi trưa";"buoi trua"
161;4;"";"Afternoon";"time_24";0;2;"Buổi chiều";"buoi chieu"
162;4;"";"Evening";"time_25";0;2;"Buổi tối";"buoi toi"
163;4;"";"Tonight";"time_22";0;2;"Đêm nay";"dem nay"
164;4;"";"Now";"time_26";0;2;"Bây giờ";"bay gio"
165;4;"";"Soon";"time_27";0;2;"Sớm";"som"
166;4;"";"This week";"time_28";0;2;"Tuần này";"tuan nay"
167;4;"";"Last week";"time_29";0;2;"Tuần sau";"tuan sau"
168;4;"";"This month";"time_51";0;2;"Tháng này";"thang nay"
169;4;"";"Next month";"time_52";0;2;"Tháng sau";"thang sau"
170;4;"";"This year";"time_53";0;2;"Năm nay";"nam nay"
171;4;"";"Next year";"time_54";0;2;"Năm sau";"nam sau"
172;4;"";"Last Year";"time_55";0;2;"Năm ngoái";"nam ngoai"
173;4;"";"Spring";"time_56";0;2;"Mùa xuân";"mua xuan"
174;4;"";"Summer";"time_57";0;2;"Mùa hè";"mua he"
175;4;"";"Autumn";"time_58";0;2;"Mùa thu";"mua thu"
176;4;"";"Winter";"time_59";0;2;"Mùa đông";"mua dong"
177;4;"";"What day is today?";"time_30";0;2;"Hôm nay là thứ mấy?";"hom nay la thu may?"
178;4;"";"Monday";"time_31";0;2;"Thứ hai";"thu hai"
179;4;"";"Tuesday";"time_32";0;2;"Thứ ba";"thu ba"
180;4;"";"Wednesday";"time_33";0;2;"Thứ tư";"thu tu"
181;4;"";"Thursday";"time_34";0;2;"Thứ năm";"thu nam"
182;4;"";"Friday";"time_35";0;2;"Thứ sáu";"thu sau"
183;4;"";"Saturday";"time_36";0;2;"Thứ bảy";"thu bay"
184;4;"";"Sunday";"time_37";0;2;"Chủ nhật";"chu nhat"
185;4;"";"What is this month?";"time_38";0;2;"Tháng này là tháng mấy?";"thang nay la thang may?"
186;4;"";"January";"time_39";0;2;"Tháng một";"thang mot"
187;4;"";"February";"time_40";0;2;"Tháng hai";"thang hai"
188;4;"";"March";"time_41";0;2;"Tháng ba";"thang ba"
189;4;"";"April";"time_42";0;2;"Tháng tư";"thang tu"
190;4;"";"May";"time_43";0;2;"Tháng năm";"thang nam"
191;4;"";"June";"time_44";0;2;"Tháng sáu";"thang sau"
192;4;"";"July";"time_45";0;2;"Tháng bảy";"thang bay"
193;4;"";"August";"time_46";0;2;"Tháng tám";"thang tam"
194;4;"";"September";"time_47";0;2;"Tháng chín";"thang chin"
195;4;"";"October";"time_48";0;2;"Tháng mười";"thang muoi"
196;4;"";"November";"time_49";0;2;"Tháng mười một";"thang muoi mot"
197;4;"";"December";"time_50";0;2;"Tháng mười hai";"thang muoi hai"
198;5;"";"Turn left";"directions_55";0;2;"Rẽ trái";"re trai"
199;5;"";"Turn right";"directions_56";0;2;"Rẽ phải";"re phai"
200;5;"";"Up";"directions_12";0;2;"Lên";"len"
201;5;"";"Down";"directions_13";0;2;"Xuống";"xuong"
202;5;"";"In front of";"directions_17";0;2;"Ở phía trước";"o phia truoc"
203;5;"";"Behind";"directions_18";0;2;"Ở phía sau";"o phia sau"
204;5;"";"Under";"directions_19";0;2;"Ở dưới";"o duoi"
205;5;"";"On top";"directions_20";0;2;"Ở trên";"o tren"
206;5;"";"Here ";"directions_25";0;2;"Ở đây";"o day"
207;5;"";"There";"directions_26";0;2;"Ở kia";"o kia"
208;5;"";"Opposite";"directions_21";0;2;"Đối diện";"doi dien"
209;5;"";"Near";"directions_22";0;2;"Gần";"gan"
210;5;"";"Left";"directions_15";0;2;"Trái";"trai"
211;5;"";"Right";"directions_16";0;2;"Phải";"phai"
212;5;"";"Go straight";"directions_57";0;2;"Đi thẳng";"di thang"
213;5;"";"It's straight ahead";"directions_24";0;2;"Đó là đi thẳng về phía trước";"do la di thang ve phia truoc"
214;5;"";"North";"directions_5";0;2;"Hướng bắc";"huong bac"
215;5;"";"South";"directions_6";0;2;"Hướng nam";"huong nam"
216;5;"";"East";"directions_7";0;2;"Hướng đông";"huong dong"
217;5;"";"West";"directions_8";0;2;"Hướng tây";"huong tay"
218;5;"";"Traffic lights";"directions_27";0;2;"Đèn giao thông";"den giao thong"
219;5;"";"Intersection";"directions_28";0;2;"Ngã tư";"nga tu"
220;5;"";"Cross the street";"directions_9";0;2;"Băng qua đường";"bang qua duong"
221;5;"";"On the corner";"directions_23";0;2;"Ở trên góc";"o tren goc"
222;5;"";"5-minute walk";"directions_46";0;2;"Năm phút đi bộ";"nam phut di bo"
223;5;"";"Go by taxi";"directions_47";0;2;"Đi bằng taxi";"di bang taxi"
224;5;"";"Zebra crossing";"directions_49";0;2;"Làn dành cho người đi bộ";"lan danh cho nguoi di bo"
225;5;"";"Bridge";"directions_50";0;2;"Cầu";"cau"
226;5;"";"Road";"directions_51";0;2;"Đường";"duong"
227;5;"";"Tunnel";"directions_52";0;2;"Hầm";"ham"
228;5;"";"Park";"directions_53";0;2;"Công viên";"cong vien"
229;5;"";"Toilet / Bathroom";"directions_54";0;2;"Nhà vệ sinh / Nhà tắm";"nha ve sinh / nha tam"
230;5;"";"Where is the toilet?";"general_56";0;2;"Nhà vệ sinh ở đâu?";"nha ve sinh o dau?"
231;5;"";"Where is ...?";"directions_1";0;2;"Ở đâu là...?";"o dau la...?"
232;5;"";"How far is it?";"directions_2";0;2;"Nó xa bao nhiêu?";"no xa bao nhieu?"
233;5;"";"How do I get there?";"directions_3";0;2;"Làm sao tôi có thể đến đó";"lam sao toi co the den do"
234;5;"";"Can you show me where it is on the map?";"directions_4";0;2;"Bạn có thể chỉ cho tôi nó ở chỗ nào trên bản đồ không?";"ban co the chi cho toi no o cho nao tren ban do khong?"
235;5;"";"Tourist Information";"directions_32";0;2;"Thông tin du lịch";"thong tin du lich"
236;5;"";"Department Store";"directions_33";0;2;"Cửa hàng bách hóa";"cua hang bach hoa"
237;5;"";"Bank";"directions_34";0;2;"Ngân hàng";"ngan hang"
238;5;"";"ATM / Cash machine";"directions_35";0;2;"Máy rút tiền";"may rut tien"
239;5;"";"Hotel";"directions_36";0;2;"Khách sạn";"khach san"
240;5;"";"Internet cafe";"directions_37";0;2;"Quán cà phê internet";"quan ca phe internet"
241;5;"";"Market";"directions_38";0;2;"chợ";"cho"
242;5;"";"Supermarket";"directions_40";0;2;"Siêu thị";"sieu thi"
243;5;"";"Police Station";"directions_39";0;2;"Đồn cảnh sát";"don canh sat"
244;5;"";"Post Office";"directions_41";0;2;"Bưu điện";"buu dien"
245;5;"";"Cinema";"directions_42";0;2;"Rạp chiếu phim";"rap chieu phim"
246;5;"";"Chemist/Pharmacy";"directions_43";0;2;"Tiệm thuốc tây";"tiem thuoc tay"
247;5;"";"School";"directions_44";0;2;"Trường học";"truong hoc"
248;5;"";"House";"directions_45";0;2;"Nhà";"nha"
249;5;"";"Airport";"directions_29";0;2;"Sân bay";"san bay"
250;5;"";"Bus stop";"directions_30";0;2;"Trạm xe buýt";"tram xe but"
251;5;"";"Train Station";"directions_31";0;2;"Nhà ga / Trạm xe lửa";"nha ga / tram xe lua"
252;5;"";"Where do I buy a ticket?";"transportation_12";0;2;"Tôi có thể mua vé ở đâu?";"toi co the mua ve o dau?"
253;5;"";"Ticket";"transportation_13";0;2;"Vé";"ve"
254;5;"";"One-way";"transportation_26";0;2;"Một chiều";"mot chieu"
255;5;"";"Return";"transportation_27";0;2;"Hai chiều";"hai chieu"
256;5;"";"Child's";"transportation_28";0;2;"Cho trẻ em";"cho tre em"
257;5;"";"What is this station?";"transportation_17";0;2;"Đây là ga nào?";"day la ga nao?"
258;5;"";"What is the next station?";"transportation_18";0;2;"Ga kế tiếp là ga nào?";"ga ke tiep la ga nao?"
259;5;"";"Does it stop at...?";"transportation_19";0;2;"Nó có dừng ở…?";"no co dung o…?"
260;5;"";"I'm lost";"transportation_61";0;2;"Tôi bị lạc";"toi bi lac"
261;5;"";"Bus";"transportation_33";0;2;"Xe buýt";"xe but"
262;5;"";"Car";"transportation_44";0;2;"Ô tô";"o to"
263;5;"";"Rental car";"transportation_45";0;2;"Thuê ô tô";"thue o to"
264;5;"";"I'd like to rent a car";"transportation_46";0;2;"Tôi muốn thuê một chiếc ô tô";"toi muon thue mot chiec o to"
265;5;"";"How much for a day?";"transportation_47";0;2;"Bao nhiêu tiền cho 1 ngày?";"bao nhieu tien cho 1 ngay?"
266;5;"";"How much for a week?";"transportation_48";0;2;"Bao nhiêu tiền cho 1 tuần?";"bao nhieu tien cho 1 tuan?"
267;5;"";"Taxi";"transportation_50";0;2;"Taxi";"taxi"
268;5;"";"Please put the meter on";"transportation_52";0;2;"Làm ơn bật đồng hồ tính tiền";"lam on bat dong ho tinh tien"
269;5;"";"How much is it to...?";"transportation_53";0;2;"Bao nhiêu tiền để tới…?";"bao nhieu tien de toi…?"
270;5;"";"Please stop here (transport)";"transportation_54";0;2;"Làm ơn dừng ở đây";"lam on dung o day"
271;5;"";"Motorbike";"transportation_56";0;2;"Xe gắn máy";"xe gan may"
272;5;"";"Bicycle";"transportation_57";0;2;"Xe đạp";"xe dap"
273;5;"";"Boat";"transportation_37";0;2;"Thuyền";"thuyen"
274;6;"";"Hotel";"directions_36";0;2;"Khách sạn";"khach san"
275;6;"";"Hostel ";"accommodation_1";0;2;"Nhà trọ";"nha tro"
276;6;"";"Guesthouse";"accommodation_3";0;2;"Nhà khách";"nha khach"
277;6;"";"Can you recommend somewhere good?";"accommodation_6";0;2;"Bạn có thể giới thiệu cho tôi một số nơi tốt được không?";"ban co the gioi thieu cho toi mot so noi tot duoc khong?"
278;6;"";"Nearby";"accommodation_7";0;2;"Gần đó";"gan do"
279;6;"";"Cheap";"accommodation_8";0;2;"Rẻ";"re"
280;6;"";"In the city";"accommodation_9";0;2;"Trong thành phố";"trong thanh pho"
281;6;"";"Do you have a room for tonight?";"accommodation_10";0;2;"Bạn có phòng cho đêm nay không?";"ban co phong cho dem nay khong?"
282;6;"";"Single";"accommodation_11";0;2;"Phòng đơn";"phong don"
283;6;"";"Double";"accommodation_13";0;2;"Phòng 1 giường to";"phong 1 giuong to"
284;6;"";"Is there en-suite bathroom?";"accommodation_14";0;2;"Nó có phòng tắm riêng không?";"no co phong tam rieng khong?"
285;6;"";"Is there a safe?";"accommodation_15";0;2;"Nó có an toàn không?";"no co an toan khong?"
286;6;"";"When is breakfast served?";"accommodation_19";0;2;"Ăn sáng bắt đầu lúc nào?";"an sang bat dau luc nao?"
287;6;"";"How much per night?";"accommodation_20";0;2;"Bao nhiêu tiền cho 1 đêm";"bao nhieu tien cho 1 dem"
288;6;"";"per week";"accommodation_21";0;2;"Bao nhiêu tiền cho 1 tuần?";"bao nhieu tien cho 1 tuan?"
289;6;"";"per month";"accommodation_22";0;2;"Bao nhiêu tiền cho 1 tháng?";"bao nhieu tien cho 1 thang?"
290;6;"";"May I see it?";"accommodation_23";0;2;"Tôi có thể đi xem được không?";"toi co the di xem duoc khong?"
291;6;"";"I'll take it";"accommodation_24";0;2;"Tôi sẽ ở đây";"toi se o day"
292;6;"";"I have a room reservation";"accommodation_25";0;2;"Tôi đã đặt một phòng ở đây";"toi da dat mot phong o day"
293;6;"";"I'd like to check-in";"accommodation_26";0;2;"Tôi muốn lấy phòng";"toi muon lay phong"
294;6;"";"I'd like to check-out";"accommodation_27";0;2;"Tôi muốn trả phòng";"toi muon tra phong"
295;6;"";"What time is the checkout?";"accommodation_28";0;2;"Tôi phải trả phòng lúc mấy giờ?";"toi phai tra phong luc may gio?"
296;6;"";"Can I leave my bags here?";"accommodation_29";0;2;"Tôi có thể để túi ở đây được không?";"toi co the de tui o day duoc khong?"
297;6;"";"Can I change room?";"accommodation_30";0;2;"Tôi có thể đổi phòng được không?";"toi co the doi phong duoc khong?"
298;6;"";"Can I see a double room?";"accommodation_31";0;2;"Tôi có thể xem phòng 1 giường to được không?";"toi co the xem phong 1 giuong to duoc khong?"
299;6;"";"I left my key in the room";"accommodation_33";0;2;"Tôi để quên chìa khóa ở trong phòng";"toi de quen chia khoa o trong phong"
300;6;"";"Can I do money exchange here?";"accommodation_34";0;2;"Tôi có thể đổi tiền ở đây được không?";"toi co the doi tien o day duoc khong?"
301;6;"";"Can I use the laundry?";"accommodation_35";0;2;"Tôi có thể sử dụng dịch vụ giặt là không?";"toi co the su dung dich vu giat la khong?"
302;6;"";"Can I use the kitchen?";"accommodation_36";0;2;"Tôi có thể sử dụng nhà bếp không ?";"toi co the su dung nha bep khong ?"
303;6;"";"Can I use the phone?";"accommodation_37";0;2;"Tôi có thể sử dụng điện thoại không?";"toi co the su dung dien thoai khong?"
304;6;"";"Is there Internet here?";"accommodation_38";0;2;"Ở đây có internet không?";"o day co internet khong?"
305;6;"";"Do you have wi-fi?";"accommodation_39";0;2;"Ở đây có wi-fi không?";"o day co wi-fi khong?"
306;6;"";"What is the password?";"accommodation_40";0;2;"Mật khẩu là gì ?";"mat khau la gi ?"
307;7;"";"To Drink";"eating_61";0;2;"Đồ uống";"do uong"
308;7;"";"To Eat";"eating_62";0;2;"Đồ ăn";"do an"
309;7;"";"Food";"eating_63";0;2;"Thức ăn";"thuc an"
310;7;"";"Breakfast ";"eating_1";0;2;"Ăn sáng";"an sang"
311;7;"";"Lunch";"eating_2";0;2;"Ăn trưa";"an trua"
312;7;"";"Dinner";"eating_3";0;2;"Ăn tối";"an toi"
313;7;"";"Snack";"eating_4";0;2;"Ăn nhẹ";"an nhe"
314;7;"";"Desserts";"eating_97";0;2;"Món tráng miệng";"mon trang mieng"
315;7;"";"I'd like a table for 2 please";"eating_33";0;2;"Làm ơn cho tôi 1 bàn 2 người";"lam on cho toi 1 ban 2 nguoi"
316;7;"";"Can I have a menu?";"eating_34";0;2;"Làm ơn cho tôi thực đơn";"lam on cho toi thuc don"
317;7;"";"What do you recommend?";"eating_36";0;2;"Bạn có thể giới thiệu vài món được không?";"ban co the gioi thieu vai mon duoc khong?"
318;7;"";"What's good here?";"eating_38";0;2;"Ở đây có món gì ngon?";"o day co mon gi ngon?"
319;7;"";"Can I order some food?";"eating_40";0;2;"Tôi có thể gọi món được không?";"toi co the goi mon duoc khong?"
320;7;"";"What is it called?";"eating_32";0;2;"Món này tên là gì?";"mon nay ten la gi?"
321;7;"";"I love this dish";"eating_31";0;2;"Tôi thích món này";"toi thich mon nay"
322;7;"";"Very delicious!";"eating_30";0;2;"Rất ngon!";"rat ngon!"
323;7;"";"Do you have vegetarian food?";"eating_55";0;2;"Bạn có đồ ăn chay không?";"ban co do an chay khong?"
324;7;"";"I'm a vegetarian";"eating_54";0;2;"Tôi là người ăn chay";"toi la nguoi an chay"
325;7;"";"I don't eat meat";"eating_41";0;2;"Tôi không ăn thịt";"toi khong an thit"
326;7;"";"I don't eat eggs";"eating_42";0;2;"Tôi không ăn trứng";"toi khong an trung"
327;7;"";"Vegetables";"eating_56";0;2;"Rau";"rau"
328;7;"";"Meat";"eating_5";0;2;"Thịt";"thit"
329;7;"";"Beef";"eating_6";0;2;"Thịt bò";"thit bo"
330;7;"";"Chicken";"eating_7";0;2;"Thịt gà";"thit ga"
331;7;"";"Eggs";"eating_8";0;2;"Trứng";"trung"
332;7;"";"Duck";"eating_9";0;2;"Thịt vịt";"thit vit"
333;7;"";"Pork";"eating_10";0;2;"Thịt lợn";"thit lon"
334;7;"";"Lamb";"eating_11";0;2;"Thịt cừu";"thit cuu"
335;7;"";"Seafood";"eating_12";0;2;"Hải sản";"hai san"
336;7;"";"Fish";"eating_13";0;2;"Cá";"ca"
337;7;"";"Shrimp/Prawn";"eating_14";0;2;"Tôm";"tom"
338;7;"";"Shellfish";"eating_17";0;2;"Sò";"so"
339;7;"";"Rice";"eating_18";0;2;"Cơm";"com"
340;7;"";"Noodles";"eating_150";0;2;"Mì";"mi"
341;7;"";"Soup  ";"eating_94";0;2;"Canh";"canh"
342;7;"";"Salads";"eating_95";0;2;"Sa lát";"sa lat"
343;7;"";"I'd like it with...";"eating_52";0;2;"Tôi muốn nó với…";"toi muon no voi…"
344;7;"";"I'm allergic to...";"eating_43";0;2;"Tôi bị dị ứng với…";"toi bi di ung voi…"
345;7;"";"Nuts";"eating_44";0;2;"Các loại hạt";"cac loai hat"
346;7;"";"Peanuts";"eating_45";0;2;"Đậu phộng";"dau phong"
347;7;"";"Butter";"eating_46";0;2;"Bơ";"bo"
348;7;"";"Dairy products";"eating_47";0;2;"Sản phẩm từ sữa";"san pham tu sua"
349;7;"";"Gluten";"eating_48";0;2;"Bột mì";"bot mi"
350;7;"";"Gelatine";"eating_49";0;2;"Chất phụ gia";"chat phu gia"
351;7;"";"Honey";"eating_50";0;2;"Mật ong";"mat ong"
352;7;"";"Chilli";"eating_87";0;2;"Ớt";"ot"
353;7;"";"Sugar";"eating_82";0;2;"Đường";"duong"
354;7;"";"Salt ";"eating_80";0;2;"Muối";"muoi"
355;7;"";"Pepper";"eating_81";0;2;"Hạt tiêu";"hat tieu"
356;7;"";"Garlic";"eating_85";0;2;"Tỏi";"toi"
357;7;"";"This is delicious";"eating_68";0;2;"Món này thật là ngon";"mon nay that la ngon"
358;7;"";"Hot (temperature)";"eating_69";0;2;"Nóng";"nong"
359;7;"";"Cold";"eating_70";0;2;"Lạnh";"lanh"
360;7;"";"Delicious";"eating_71";0;2;"Ngon";"ngon"
361;7;"";"Sweet";"eating_73";0;2;"Ngọt";"ngot"
362;7;"";"Salty";"eating_74";0;2;"Mặn";"man"
363;7;"";"Sour";"eating_75";0;2;"Chua";"chua"
364;7;"";"Hot (spicy)";"eating_76";0;2;"Nóng (cay)";"nong (cay)"
365;7;"";"Tasteless";"eating_77";0;2;"Không có vị";"khong co vi"
366;7;"";"Greasy";"eating_78";0;2;"Dầu ăn";"dau an"
367;7;"";"Fork";"eating_19";0;2;"Nĩa";"nia"
368;7;"";"Knife";"eating_20";0;2;"Dao";"dao"
369;7;"";"Spoon";"eating_21";0;2;"Thìa";"thia"
370;7;"";"Plate";"eating_26";0;2;"Đĩa";"dia"
371;7;"";"Bowl";"eating_23";0;2;"Bát ";"bat "
372;7;"";"Glass";"eating_22";0;2;"Cốc";"coc"
373;7;"";"Tea cup / Cup";"eating_24";0;2;"Chén trà";"chen tra"
374;7;"";"Teapot";"eating_25";0;2;"Ấm trà";"am tra"
375;7;"";"Napkin";"eating_27";0;2;"Giấy ăn";"giay an"
376;7;"";"I'm hungry";"eating_28";0;2;"Tôi đói rồi";"toi doi roi"
377;7;"";"I'm full";"eating_29";0;2;"Tôi no rồi";"toi no roi"
378;7;"";"Restaurant";"eating_64";0;2;"Nhà hàng";"nha hang"
379;7;"";"Make reservation (for a table)";"eating_67";0;2;"Đặt bàn";"dat ban"
380;7;"";"Can I have the bill please?";"eating_57";0;2;"Làm ơn cho tôi hóa đơn";"lam on cho toi hoa don"
381;7;"";"Take away/Take home";"eating_60";0;2;"Mang về";"mang ve"
382;7;"";"Coffee";"eating_104";0;2;"Cà phê";"ca phe"
383;7;"";"Tea";"eating_105";0;2;"Trà";"tra"
384;7;"";"Water";"eating_111";0;2;"Nước";"nuoc"
385;7;"";"Still Mineral water";"eating_112";0;2;"Nước suối";"nuoc suoi"
386;7;"";"Sparkling Mineral water";"eating_113";0;2;"Nước sô-đa";"nuoc so-da"
387;7;"";"Juice";"eating_125";0;2;"Nước hoa quả";"nuoc hoa qua"
388;7;"";"Orange juice";"eating_126";0;2;"Nước cam";"nuoc cam"
389;7;"";"Milk";"eating_124";0;2;"Sữa";"sua"
390;7;"";"Alcohol drinks";"eating_114";0;2;"Đồ uống có chất cồn";"do uong co chat con"
391;7;"";"Beer";"eating_103";0;2;"Bia";"bia"
392;7;"";"Whisky";"eating_115";0;2;"Rượu";"ruou"
393;7;"";"Brandy";"eating_116";0;2;"Rượu mạnh";"ruou manh"
394;7;"";"Champagne";"eating_117";0;2;"Sâm panh";"sam panh"
395;7;"";"Red wine";"eating_118";0;2;"Rượu vang đỏ";"ruou vang do"
396;7;"";"White wine";"eating_119";0;2;"Rượu vang trắng";"ruou vang trang"
397;7;"";"Cocktails";"eating_123";0;2;"Cốc-tai";"coc-tai"
398;7;"";"No ice please";"eating_127";0;2;"Làm ơn không cho đá";"lam on khong cho da"
399;7;"";"Ice please";"eating_128";0;2;"Làm ơn cho đá";"lam on cho da"
400;7;"";"More water please";"eating_101";0;2;"Làm ơn cho thêm nước";"lam on cho them nuoc"
401;7;"";"Cheers!";"eating_129";0;2;"Chúc mừng (Zô)";"chuc mung (zo)"
402;7;"";"Bottoms up!";"eating_129";0;2;"Trăm phần trăm";"tram phan tram"
403;7;"";"I feel drunk";"eating_131";0;2;"Tôi cảm thấy say rồi";"toi cam thay say roi"
404;7;"";"I had too many drinks";"eating_132";0;2;"Tôi uống quá nhiều rồi";"toi uong qua nhieu roi"
405;7;"";"Where is the toilet?";"general_56";0;2;"Nhà vệ sinh ở đâu?";"nha ve sinh o dau?"
406;8;"";"Where is the nearest shopping mall?";"shopping_1";0;2;"Trung tâm mua sắm gần nhất ở đâu?";"trung tam mua sam gan nhat o dau?"
407;8;"";"Antique shop";"shopping_2";0;2;"Cửa hàng đồ cổ";"cua hang do co"
408;8;"";"Market";"directions_38";0;2;"Chợ";"cho"
409;8;"";"Supermarket";"directions_40";0;2;"Siêu thị";"sieu thi"
410;8;"";"How much does it cost?";"shopping_3";0;2;"Cái này bao nhiêu tiền?";"cai nay bao nhieu tien?"
411;8;"";"Can you write down the price?";"shopping_4";0;2;"Bạn có thể viết giá được không?";"ban co the viet gia duoc khong?"
412;8;"";"Can you make it cheaper?";"shopping_5";0;2;"Có thể rẻ hơn được không?";"co the re hon duoc khong?"
413;8;"";"Do you take credit card?";"shopping_7";0;2;"Bạn có nhận thẻ tín dụng không?";"ban co nhan the tin dung khong?"
414;8;"";"Debit card";"shopping_8";0;2;"Thẻ ghi nợ";"the ghi no"
415;8;"";"Traveller cheques";"shopping_9";0;2;"Phiếu tiền du lịch";"phieu tien du lich"
416;8;"";"Can I have it wrapped?";"shopping_10";0;2;"Tôi muốn nó còn nguyên gói";"toi muon no con nguyen goi"
417;8;"";"I'm just looking";"shopping_11";0;2;"Tôi chỉ xem thôi";"toi chi xem thoi"
418;8;"";"I'm looking for..";"shopping_28";0;2;"Tôi đang tìm….";"toi dang tim…."
419;8;"";"Gift";"shopping_29";0;2;"Quà tặng";"qua tang"
420;8;"";"Belt";"shopping_30";0;2;"Thắt lưng";"that lung"
421;8;"";"Hat";"shopping_31";0;2;"Mũ";"mu"
422;8;"";"Dress";"shopping_32";0;2;"Áo";"ao"
423;8;"";"Shirt";"shopping_33";0;2;"Áo sơ mi";"ao so mi"
424;8;"";"Shoes";"shopping_34";0;2;"Giày dép";"giay dep"
425;8;"";"Socks";"shopping_35";0;2;"Tất";"tat"
426;8;"";"Shorts";"shopping_36";0;2;"Quần sóc";"quan soc"
427;8;"";"Skirt";"shopping_37";0;2;"Váy";"vay"
428;8;"";"Trousers";"shopping_43";0;2;"Quần dài";"quan dai"
429;8;"";"Swimwear";"shopping_40";0;2;"Đồ bơi";"do boi"
430;8;"";"Underwear";"shopping_41";0;2;"Đồ lót";"do lot"
431;8;"";"Towel";"shopping_42";0;2;"Khăn";"khan"
432;8;"";"Can I try it on?";"shopping_17";0;2;"Tôi có thể thử được không?";"toi co the thu duoc khong?"
433;8;"";"Do you have a different colour?";"shopping_14";0;2;"Bạn có màu nào khác không";"ban co mau nao khac khong"
434;8;"";"Do you have a bigger size?";"shopping_15";0;2;"Bạn có cỡ to hơn không";"ban co co to hon khong"
435;8;"";"Do you have a smaller size?";"shopping_16";0;2;"Bạn có cỡ nhỏ hơn không";"ban co co nho hon khong"
436;8;"";"A little tight";"shopping_18";0;2;"Hơi chật";"hoi chat"
437;8;"";"A little loose";"shopping_19";0;2;"Hơi rộng";"hoi rong"
438;8;"";"Too short";"shopping_23";0;2;"Quá ngắn";"qua ngan"
439;8;"";"Too long";"shopping_24";0;2;"Quá dài";"qua dai"
440;8;"";"It's too expensive";"shopping_12";0;2;"Nó thật là đắt";"no that la dat"
441;8;"";"It's very cheap";"shopping_13";0;2;"Nó thật là rẻ";"no that la re"
442;8;"";"I will take this one";"shopping_25";0;2;"Tôi sẽ lấy cái này";"toi se lay cai nay"
443;8;"";"Do you have a new one?";"shopping_20";0;2;"Bạn có cái mới không?";"ban co cai moi khong?"
444;8;"";"Can I have a bag please?";"shopping_27";0;2;"Làm ơn cho tôi 1 cái túi được không?";"lam on cho toi 1 cai tui duoc khong?"
445;8;"";"I don't want a bag";"shopping_26";0;2;"Tôi không cần túi";"toi khong can tui"
446;8;"";"Where is the cashier?";"shopping_21";0;2;"Quầy thanh toán ở đâu?";"quay thanh toan o dau?"
447;8;"";"Where can I pay?";"shopping_22";0;2;"Tôi trả tiền chỗ nào?";"toi tra tien cho nao?"
448;8;"";"I don't want it";"shopping_50";0;2;"Tôi không muốn";"toi khong muon"
449;8;"";"I'll think about it";"shopping_51";0;2;"Để tôi suy nghĩ đã";"de toi suy nghi da"
450;8;"";"Wallet";"shopping_52";0;2;"Ví";"vi"
451;8;"";"Watch";"shopping_53";0;2;"Đồng hồ";"dong ho"
452;8;"";"Glasses";"shopping_54";0;2;"Kính";"kinh"
453;8;"";"Sunglasses";"shopping_55";0;2;"Kính mát";"kinh mat"
454;8;"";"Camera";"shopping_60";0;2;"Máy ảnh";"may anh"
455;8;"";"Computer";"shopping_61";0;2;"Máy tính";"may tinh"
456;8;"";"Fruits";"shopping_63";0;2;"Hoa quả";"hoa qua"
457;8;"";"Banana";"shopping_64";0;2;"Chuối";"chuoi"
458;8;"";"Apple";"shopping_65";0;2;"Táo";"tao"
459;8;"";"Orange";"shopping_67";0;2;"Cam";"cam"
460;8;"";"Pineapple";"shopping_74";0;2;"Dứa";"dua"
461;8;"";"Fruit and Vegetable Store";"shopping_75";0;2;"Của hàng hoa quả và rau xanh";"cua hang hoa qua va rau xanh"
462;8;"";"Bakery";"shopping_76";0;2;"Bánh";"banh"
463;8;"";"Laundry";"shopping_77";0;2;"Giặt là";"giat la"
464;8;"";"Shoe shop";"shopping_78";0;2;"Của hàng giầy ";"cua hang giay "
465;8;"";"Bookstore";"shopping_79";0;2;"Cửa hàng sách";"cua hang sach"
466;8;"";"Flower Shop";"shopping_80";0;2;"Của hàng hoa";"cua hang hoa"
467;8;"";"Souvenir";"shopping_88";0;2;"Lưu niệm";"luu niem"
468;8;"";"How much?";"shopping_82";0;2;"Bao nhiêu tiền?";"bao nhieu tien?"
469;8;"";"Price";"shopping_83";0;2;"Giá cả";"gia ca"
470;8;"";"Expensive";"shopping_84";0;2;"Đắt";"dat"
471;8;"";"Cheap";"shopping_85";0;2;"Rẻ";"re"
472;8;"";"Pay";"shopping_86";0;2;"Trả tiền";"tra tien"
473;8;"";"Change";"shopping_87";0;2;"Đổi";"doi"
474;9;"";"I'm from (country)...";"greeting_17";0;2;"Tôi đến từ (đất nước)…";"toi den tu (dat nuoc)…"
475;9;"";"China";"country_18";0;2;"Trung Quốc";"trung quoc"
476;9;"";"Hong Kong";"country_21";0;2;"Hồng Kông";"hong kong"
477;9;"";"North Korea";"country_23";0;2;"Bắc Triều Tiên";"bac trieu tien"
478;9;"";"South Korea";"country_22";0;2;"Hàn Quốc";"han quoc"
479;9;"";"Japan";"country_19";0;2;"Nhật Bản";"nhat ban"
480;9;"";"Vietnam";"country_24";0;2;"Việt Nam";"viet nam"
481;9;"";"Thailand";"country_26";0;2;"Thái Lan";"thai lan"
482;9;"";"Malaysia";"country_27";0;2;"Ma lay si a";"ma lay si a"
483;9;"";"Singapore";"country_28";0;2;"Sing ga po";"sing ga po"
484;9;"";"Philippines";"country_29";0;2;"Phi líp pin";"phi lip pin"
485;9;"";"Indonesia";"country_30";0;2;"In đô nê si a";"in do ne si a"
486;9;"";"Russia";"country_17";0;2;"Nga";"nga"
487;9;"";"USA";"country_33";0;2;"Mỹ";"my"
488;9;"";"Canada";"country_34";0;2;"Ca-na-đa";"ca-na-da"
489;9;"";"Mexico";"country_35";0;2;"Mêhicô";"mehico"
490;9;"";"England";"country_6";0;2;"Anh";"anh"
491;9;"";"Scotland";"country_8";0;2;"Scốt-len";"scot-len"
492;9;"";"Wales";"country_7";0;2;"Xứ Gan";"xu gan"
493;9;"";"France";"country_4";0;2;"Pháp";"phap"
494;9;"";"Italy";"country_1";0;2;"Ý";"y"
495;9;"";"Germany";"country_2";0;2;"Đức";"duc"
496;9;"";"Sweden";"country_10";0;2;"Thụy Điển";"thuy dien"
497;9;"";"Finland";"country_12";0;2;"Phần Lan";"phan lan"
498;9;"";"Norway";"country_13";0;2;"Na Uy";"na uy"
499;9;"";"Holland / Netherlands";"country_14";0;2;"Hà Lan";"ha lan"
500;9;"";"Australia";"country_36";0;2;"Úc";"uc"
501;9;"";"New Zealand";"country_37";0;2;"Niu Di-lân";"niu di-lan"
502;10;"";"How many people are there in your family?";"family_1";0;2;"Gia đình bạn có bao nhiêu người?";"gia dinh ban co bao nhieu nguoi?"
503;10;"";"Do you have...?";"family_2";0;2;"Bạn có…?";"ban co…?"
504;10;"";"This is my...";"family_3";0;2;"Đây là….. của tôi";"day la….. cua toi"
505;10;"";"Elder brother";"family_4";0;2;"Anh trai";"anh trai"
506;10;"";"Brother /younger brother";"family_4";0;2;"Em trai";"em trai"
507;10;"";"Elder sister";"family_5";0;2;"Chị gái";"chi gai"
508;10;"";"Sister /younger sister";"family_5";0;2;"Em gái";"em gai"
509;10;"";"Son";"family_8";0;2;"Con trai";"con trai"
510;10;"";"Daughter";"family_9";0;2;"Con gái";"con gai"
511;10;"";"Mother";"family_6";0;2;"Mẹ";"me"
512;10;"";"Father";"family_7";0;2;"Bố";"bo"
513;10;"";"Grandson";"family_10";0;2;"Cháu trai";"chau trai"
514;10;"";"Granddaughter";"family_10";0;2;"Cháu gái";"chau gai"
515;10;"";"Grandmother ";"family_12";0;2;"Bà nội/ Bà ngoại";"ba noi/ ba ngoai"
516;10;"";"Grandfather ";"family_13";0;2;"Ông nội/ Ông ngoại";"ong noi/ ong ngoai"
517;10;"";"Uncle";"family_14";0;2;"Chú";"chu"
518;10;"";"Aunt";"family_15";0;2;"Cô";"co"
519;10;"";"Husband";"family_16";0;2;"Chồng";"chong"
520;10;"";"Wife";"family_17";0;2;"Vợ";"vo"
521;10;"";"Boyfriend";"family_18";0;2;"Bạn trai";"ban trai"
522;10;"";"Girlfriend";"family_19";0;2;"Bạn gái";"ban gai"
523;10;"";"Friend";"family_20";0;2;"Bạn bè";"ban be"
524;11;"";"I'm single";"dating_1";0;2;"Tôi độc thân";"toi doc than"
525;11;"";"Do you have a girlfriend?";"dating_2";0;2;"Bạn có bạn gái không?";"ban co ban gai khong?"
526;11;"";"Do you have a boyfriend?";"dating_3";0;2;"Bạn có bạn trai không?";"ban co ban trai khong?"
527;11;"";"I have a girlfriend";"dating_4";0;2;"Tôi có bạn gái rồi";"toi co ban gai roi"
528;11;"";"I'm here with my boyfriend";"dating_5";0;2;"Tôi đến đây với bạn trai tôi";"toi den day voi ban trai toi"
529;11;"";"Are you single?";"dating_6";0;2;"Có phải bạn độc thân không?";"co phai ban doc than khong?"
530;11;"";"Are you married?";"dating_7";0;2;"Có phải bạn đã kết hôn không?";"co phai ban da ket hon khong?"
531;11;"";"I'm married";"dating_8";0;2;"Tôi đã kết hôn";"toi da ket hon"
532;11;"";"Would you like to do something together?";"dating_9";0;2;"Bạn có muốn làm gì đó cùng tôi không?";"ban co muon lam gi do cung toi khong?"
533;11;"";"Would you like to go for a walk with me?";"dating_10";0;2;"Bạn có muốn đi dạo cùng tôi không?";"ban co muon di dao cung toi khong?"
534;11;"";"Would you like to watch a movie?";"dating_11";0;2;"Bạn có muốn đi xem phim cùng tôi không?";"ban co muon di xem phim cung toi khong?"
535;11;"";"Are you available tomorrow?";"dating_12";0;2;"Ngày mai bạn có rảnh không?";"ngay mai ban co ranh khong?"
536;11;"";"I'm available tomorrow";"dating_13";0;2;"Ngày mai tôi rảnh";"ngay mai toi ranh"
537;11;"";"Can I buy you a drink?";"dating_14";0;2;"Tôi có thể mời bạn uống được không?";"toi co the moi ban uong duoc khong?"
538;11;"";"What will you drink?";"dating_15";0;2;"Bạn muốn uống gì?";"ban muon uong gi?"
539;11;"";"Will I see you again?";"dating_16";0;2;"Tôi sẽ gặp lại bạn phải không?";"toi se gap lai ban phai khong?"
540;11;"";"When can we meet again?";"dating_17";0;0;"Khi nào chúng ta sẽ gặp lại?";"khi nao chung ta se gap lai?"
541;11;"";"Do you mind if I sit here? (to join someone)";"dating_18";0;2;"Bạn không phiền nếu tôi ngồi đây?";"ban khong phien neu toi ngoi day?"
542;11;"";"I like you very much";"dating_19";0;2;"Tôi rất thích bạn";"toi rat thich ban"
543;11;"";"I love you";"dating_20";0;2;"Tôi yêu bạn";"toi yeu ban"
544;11;"";"You are very cute";"dating_21";0;2;"Bạn rất đáng yêu";"ban rat dang yeu"
545;11;"";"You are very beautiful";"dating_22";0;2;"Bạn rất đẹp";"ban rat dep"
546;11;"";"You are great";"dating_23";0;2;"Bạn thật tuyệt vời";"ban that tuyet voi"
547;11;"";"Can I call you?";"dating_24";0;2;"Tôi có thể gọi cho bạn không?";"toi co the goi cho ban khong?"
548;11;"";"Do you have a condom?";"dating_25";0;2;"Bạn có bao cao su không?";"ban co bao cao su khong?"
549;11;"";"I have a condom";"dating_26";0;2;"Tôi có bao cao su";"toi co bao cao su"
550;11;"";"I won't do it without a condom";"dating_27";0;2;"Tôi sẽ không làm khi không có bao cao su";"toi se khong lam khi khong co bao cao su"
551;11;"";"Will you go out with me?";"dating_28";0;2;"Bạn sẽ ra ngoài với tôi phải không?";"ban se ra ngoai voi toi phai khong?"
552;11;"";"Will you marry me?";"dating_29";0;2;"Bạn sẽ lấy tôi nhé?";"ban se lay toi nhe?"
553;11;"";"Stop calling me";"dating_30";0;2;"Đừng gọi cho tôi nữa";"dung goi cho toi nua"
554;12;"";"It's an emergency";"emergency_1";0;2;"Đây là một trường hợp khẩn cấp";"day la mot truong hop khan cap"
555;12;"";"I've lost my passport";"emergency_2";0;2;"Tôi bị mất hộ chiếu";"toi bi mat ho chieu"
556;12;"";"I've lost my wallet";"emergency_3";0;2;"Tôi bị mất ví tiền";"toi bi mat vi tien"
557;12;"";"Where is the nearest police station?";"emergency_4";0;2;"Đồn cảnh sát gần nhất ở đâu?";"don canh sat gan nhat o dau?"
558;12;"";"Where is the ... embassy?";"emergency_5";0;2;"Đại sứ quán…. ở đâu?";"dai su quan…. o dau?"
559;12;"";"Help!";"general_31";0;2;"Cứu!";"cuu!"
560;12;"";"Where is the hospital?";"emergency_6";0;2;"Bệnh viện ở đâu?";"benh vien o dau?"
561;12;"";"I need a doctor";"emergency_7";0;2;"Tôi cần một bác sĩ";"toi can mot bac si"
562;12;"";"Call a doctor!";"emergency_8";0;2;"Làm ơn gọi bác sĩ!";"lam on goi bac si!"
563;12;"";"Call an ambulance!";"emergency_9";0;2;"Làm ơn gọi xe cứu thương!";"lam on goi xe cuu thuong!"
564;12;"";"Could you help me please?";"emergency_10";0;2;"Làn ơn giúp tôi được không?";"lan on giup toi duoc khong?"
565;12;"";"Ambulance";"emergency_11";0;2;"Xe cứu thương";"xe cuu thuong"
566;12;"";"Hospital";"emergency_12";0;2;"Bệnh viện";"benh vien"
567;12;"";"Emergency";"emergency_13";0;2;"Khẩn cấp";"khan cap"
568;12;"";"Fire!";"emergency_14";0;2;"Cháy!";"chay!"
569;12;"";"I've run out of gas/petrol";"emergency_15";0;2;"Tôi bị hết ga/xăng";"toi bi het ga/xang"
570;12;"";"I'm lost, please help";"emergency_16";0;2;"Tôi bị lạc, làm ơn giúp!";"toi bi lac, lam on giup!"
571;12;"";"Police";"emergency_17";0;2;"Cảnh sát";"canh sat"
572;12;"";"Police Station";"directions_39";0;2;"Đồn cảnh sát";"don canh sat"
573;12;"";"I've been mugged";"emergency_19";0;2;"Tôi bị trấn lột";"toi bi tran lot"
574;12;"";"I've lost my camera";"emergency_20";0;2;"Tôi bị mất máy ảnh";"toi bi mat may anh"
575;12;"";"My bag was stolen";"emergency_21";0;2;"Túi của tôi đã bị ăn cắp";"tui cua toi da bi an cap"
576;12;"";"I lost my bag!";"emergency_22";0;2;"Tôi bị mất túi!";"toi bi mat tui!"
577;12;"";"My phone was stolen";"emergency_23";0;2;"Điện thoại của tôi đã bị ăn cắp";"dien thoai cua toi da bi an cap"
578;12;"";"Thief!";"emergency_24";0;2;"Trộm/Cướp";"trom/cuop"
579;12;"";"Stop!";"emergency_25";0;2;"Đứng lại!";"dung lai!"
580;12;"";"I apologise";"emergency_26";0;2;"Tôi xin lỗi";"toi xin loi"
581;12;"";"I have travel insurance";"emergency_27";0;2;"Tôi có bảo hiểm du lịch";"toi co bao hiem du lich"
582;12;"";"Can I use your telephone?";"emergency_28";0;2;"Tôi có thể sử dụng điện thoại của bạn được không?";"toi co the su dung dien thoai cua ban duoc khong?"
583;12;"";"I need to call...";"emergency_29";0;2;"Tôi cần phải gọi ...";"toi can phai goi ..."
584;12;"";"Report a missing person";"emergency_30";0;2;"Báo án người mất tích";"bao an nguoi mat tich"
585;12;"";"My child has gone missing";"emergency_31";0;2;"Con tôi đã mất tích";"con toi da mat tich"
586;12;"";"My wife is missing";"emergency_32";0;2;"Vợ tôi bị mất tích";"vo toi bi mat tich"
587;12;"";"My husband is missing";"emergency_33";0;2;"Chồng tôi bị mất tích";"chong toi bi mat tich"
588;12;"";"I'm sorry ";"emergency_34";0;2;"Tôi xin lỗi";"toi xin loi"
589;12;"";"I didn't do it";"emergency_35";0;2;"Tôi đã không làm điều đó";"toi da khong lam dieu do"
590;12;"";"Can I have a lawyer who can speak English?";"emergency_36";0;2;"Tôi có thể có một luật sư nói tiếng Anh không?";"toi co the co mot luat su noi tieng anh khong?"
591;12;"";"Does anyone here speak English?";"emergency_37";0;2;"Có ai ở đây nói tiếng Anh không?";"co ai o day noi tieng anh khong?"
592;13;"";"Where is the nearest hospital?";"feelingsick_1";0;2;"Bệnh viện gần nhất ở đâu?";"benh vien gan nhat o dau?"
593;13;"";"Chemist/Pharmacy";"directions_43";0;2;"Tiệm thuốc tây";"tiem thuoc tay"
594;13;"";"Dentist";"feelingsick_3";0;2;"Nha sĩ";"nha si"
595;13;"";"Doctor";"feelingsick_4";0;2;"Bác sĩ";"bac si"
596;13;"";"Medical Center";"feelingsick_5";0;2;"Trung tâm Y tế";"trung tam y te"
597;13;"";"Optometrist";"feelingsick_6";0;2;"Đo thị giác";"do thi giac"
598;13;"";"I'm not feeling well";"feelingsick_7";0;2;"Tôi cảm thấy không khỏe";"toi cam thay khong khoe"
599;13;"";"I'm sick";"feelingsick_8";0;2;"Tôi bị ốm";"toi bi om"
600;13;"";"I have a cold";"feelingsick_9";0;2;"Tôi bị cảm";"toi bi cam"
601;13;"";"Headache";"feelingsick_10";0;2;"Đau đầu";"dau dau"
602;13;"";"Stomachache";"feelingsick_11";0;2;"Đau bụng";"dau bung"
603;13;"";"Backache";"feelingsick_12";0;2;"Đau lưng";"dau lung"
604;13;"";"Asthma";"feelingsick_13";0;2;"Hen suyễn";"hen suyen"
605;13;"";"Cough";"feelingsick_14";0;2;"Ho";"ho"
606;13;"";"Constipation";"feelingsick_15";0;2;"Táo bón";"tao bon"
607;13;"";"Diabetes";"feelingsick_16";0;2;"Tiểu đường";"tieu duong"
608;13;"";"Diarrhoea";"feelingsick_17";0;2;"Tiêu chảy";"tieu chay"
609;13;"";"Fever";"feelingsick_18";0;2;"Sốt";"sot"
610;13;"";"Flu";"feelingsick_19";0;2;"Cúm";"cum"
611;13;"";"Sore throat";"feelingsick_20";0;2;"Đau họng";"dau hong"
612;13;"";"Food poisoning";"feelingsick_21";0;2;"Ngộ độc thức ăn";"ngo doc thuc an"
613;13;"";"Allergy";"feelingsick_22";0;2;"Dị ứng";"di ung"
614;13;"";"Do you have a paracetamol?";"feelingsick_23";0;2;"Bạn có thuốc giảm đau không?";"ban co thuoc giam dau khong?"
615;13;"";"I have a temperature";"feelingsick_24";0;2;"Tôi có một cái nhiệt kế";"toi co mot cai nhiet ke"
616;13;"";"Vomit";"feelingsick_25";0;2;"Nôn";"non"
617;13;"";"I feel dizzy";"feelingsick_26";0;2;"Tôi cảm thấy chóng mặt";"toi cam thay chong mat"
618;13;"";"Weak";"feelingsick_27";0;2;"Yếu";"yeu"
619;13;"";"Nauseous";"feelingsick_29";0;2;"Buồn nôn";"buon non"
620;13;"";"Shivery";"feelingsick_30";0;2;"Run rẩy";"run ray"
621;13;"";"Worse";"feelingsick_31";0;2;"Tồi tệ";"toi te"
622;13;"";"Better";"feelingsick_32";0;2;"Khá hơn";"kha hon"
623;13;"";"It hurts here";"feelingsick_33";0;2;"Nó đau ở đây";"no dau o day"
624;13;"";"I can't sleep";"feelingsick_34";0;2;"Tôi không thể ngủ được";"toi khong the ngu duoc"
625;13;"";"I've run out of my medication";"feelingsick_35";0;2;"Thuốc của tôi hết rồi";"thuoc cua toi het roi"
626;13;"";"This is my usual medication";"feelingsick_36";0;2;"Đây là loại thuốc thông thường của tôi";"day la loai thuoc thong thuong cua toi"
627;13;"";"I need a doctor who can speak English";"feelingsick_38";0;2;"Tôi cần một bác sĩ có thể nói tiếng Anh";"toi can mot bac si co the noi tieng anh"
628;13;"";"I have had vaccinations";"feelingsick_39";0;2;"Tôi đã được tiêm chủng";"toi da duoc tiem chung"
629;13;"";"I have travel insurance";"emergency_27";0;2;"Tôi có bảo hiểm du lịch";"toi co bao hiem du lich"
630;13;"";"Ambulance";"emergency_11";0;2;"Xe cứu thương";"xe cuu thuong"
631;13;"";"Clinic";"feelingsick_42";0;2;"Phòng khám";"phong kham"
632;13;"";"Nurse";"feelingsick_43";0;2;"Y tá";"y ta"
633;13;"";"Surgeon";"feelingsick_44";0;2;"Bác sĩ phẫu thuật";"bac si phau thuat"
634;13;"";"Blood pressure";"feelingsick_45";0;2;"Huyết áp";"huyet ap"
635;13;"";"Temperature";"feelingsick_46";0;2;"Nhiệt độ";"nhiet do"
636;13;"";"Injection";"feelingsick_47";0;2;"Tiêm";"tiem"
637;13;"";"Operation";"feelingsick_48";0;2;"Phẫu thuật";"phau thuat"
638;13;"";"Sprain";"feelingsick_49";0;2;"Sái khớp";"sai khop"
639;13;"";"I think it's broken";"feelingsick_50";0;2;"Tôi nghĩ nó đã bị gãy";"toi nghi no da bi gay"
640;13;"";"I have a skin allergy";"feelingsick_51";0;2;"Da tôi bị dị ứng";"da toi bi di ung"
641;13;"";"Antihistamines";"feelingsick_52";0;2;"Thuốc chống dị ứng";"thuoc chong di ung"
